[
    {
        "Grupp": "Däggdjur",
        "Slag av vilt": "Fälthare",
        "Område": "Alla län",
        "Starttid": "1 September",
        "Sluttid": "29 February",
        "Upplysning": ""
    },
    {
        "Grupp": "Däggdjur",
        "Slag av vilt": "Skogshare",
        "Område": "Gotlands län, Hallands län, Jönköpings län, Kalmar län, Kronobergs län, Skåne län, Södermanlands län, Västra Götalands län, Östergötlands län",
        "Starttid": "1 September",
        "Sluttid": "15 February",
        "Upplysning": ""
    },
    {
        "Grupp": "Däggdjur",
        "Slag av vilt": "Skogshare",
        "Område": "Blekinge län, Dalarnas län, Gävleborgs län, Norrbottens län, Stockholms län, Uppsala län, Värmlands län, Västernorrlands län, Västmanlands län, Västerbottens län, Örebro län, Jämtlands län",
        "Starttid": "1 September",
        "Sluttid": "29 February",
        "Upplysning": ""
    },
    {
        "Grupp": "Däggdjur",
        "Slag av vilt": "Bäver",
        "Område": "Dalarnas län, Gävleborgs län, Västernorrlands län, Jämtlands län, Västerbottens län, Norrbottens län",
        "Starttid": "1 October",
        "Sluttid": "15 May",
        "Upplysning": ""
    },
    {
        "Grupp": "Däggdjur",
        "Slag av vilt": "Bäver",
        "Område": "Stockholms län, Uppsala län, Södermanlands län, Östergötlands län, Jönköpings län, Kronobergs län, Kalmar län, Gotlands län, Blekinge län, Skåne län, Hallands län, Västra Götalands län, Värmlands län, Örebro län, Västmanlands län",
        "Starttid": "1 October",
        "Sluttid": "10 May",
        "Upplysning": ""
    },
    {
        "Grupp": "Däggdjur",
        "Slag av vilt": "Rödräv",
        "Område": "Blekinge län, Skåne län, Hallands län",
        "Starttid": "1 August",
        "Sluttid": "29 February",
        "Upplysning": ""
    },
    {
        "Grupp": "Däggdjur",
        "Slag av vilt": "Rödräv",
        "Område": "Värmlands län, Örebro län, Dalarnas län, Gävleborgs län",
        "Starttid": "1 August",
        "Sluttid": "31 March",
        "Upplysning": "(För Dalarnas län: Gäller ej Älvdalens kommun, se separat jakttid)."
    },
    {
        "Grupp": "Däggdjur",
        "Slag av vilt": "Rödräv - Endast i Älvdalens kommun",
        "Område": "Dalarnas län",
        "Starttid": "1 August",
        "Sluttid": "15 April",
        "Upplysning": ""
    },
    {
        "Grupp": "Däggdjur",
        "Slag av vilt": "Rödräv",
        "Område": "Västernorrlands län, Jämtlands län, Västerbottens län, Norrbottens län",
        "Starttid": "1 August",
        "Sluttid": "15 April",
        "Upplysning": ""
    },
    {
        "Grupp": "Däggdjur",
        "Slag av vilt": "Rödräv",
        "Område": "Stockholms län, Uppsala län, Södermanlands län, Östergötlands län, Jönköpings län, Kronobergs län, Kalmar län, Gotlands län, Västra Götalands län, Västmanlands län",
        "Starttid": "1 August",
        "Sluttid": "15 March",
        "Upplysning": ""
    },
    {
        "Grupp": "Däggdjur",
        "Slag av vilt": "Iller",
        "Område": "Alla län",
        "Starttid": "1 September",
        "Sluttid": "29 February",
        "Upplysning": ""
    },
    {
        "Grupp": "Däggdjur",
        "Slag av vilt": "Skogsmård",
        "Område": "Värmlands län, Dalarnas län, Gävleborgs län, Västernorrlands län, Jämtlands län, Västerbottens län, Norrbottens län",
        "Starttid": "1 September",
        "Sluttid": "31 March",
        "Upplysning": ""
    },
    {
        "Grupp": "Däggdjur",
        "Slag av vilt": "Skogsmård",
        "Område": "Stockholms län, Uppsala län, Södermanlands län, Östergötlands län, Jönköpings län, Kronobergs län, Kalmar län, Gotlands län, Blekinge län, Skåne län, Hallands län, Västra Götalands län, Örebro län, Västmanlands län",
        "Starttid": "1 September",
        "Sluttid": "29 February",
        "Upplysning": ""
    },
    {
        "Grupp": "Däggdjur",
        "Slag av vilt": "Grävling",
        "Område": "Alla län",
        "Starttid": "1 August",
        "Sluttid": "31 January",
        "Upplysning": ""
    },
    {
        "Grupp": "Däggdjur",
        "Slag av vilt": "Vildsvin, utom sugga som följs av randiga eller bruna små kultingar",
        "Område": "Alla län",
        "Starttid": "1 April",
        "Sluttid": "31 January",
        "Upplysning": ""
    },
    {
        "Grupp": "Däggdjur",
        "Slag av vilt": "Vildsvin, årsunge",
        "Område": "Alla län",
        "Starttid": "1 July",
        "Sluttid": "30 June",
        "Upplysning": ""
    },
    {
        "Grupp": "Däggdjur",
        "Slag av vilt": "Dovhjort - alla djur",
        "Område": "Alla län",
        "Starttid": "1 October",
        "Sluttid": "20 October",
        "Upplysning": ""
    },
    {
        "Grupp": "Däggdjur",
        "Slag av vilt": "Dovhjort - alla djur",
        "Område": "Alla län",
        "Starttid": "16 November",
        "Sluttid": "29 February",
        "Upplysning": ""
    },
    {
        "Grupp": "Däggdjur",
        "Slag av vilt": "Dovhjort - hornbärande djur och kalv",
        "Område": "Alla län",
        "Starttid": "1 September",
        "Sluttid": "30 September",
        "Upplysning": "Endast smyg- eller vaktjakt"
    },
    {
        "Grupp": "Däggdjur",
        "Slag av vilt": "Dovhjort - hind och kalv",
        "Område": "Alla län",
        "Starttid": "21 October",
        "Sluttid": "15 November",
        "Upplysning": ""
    },
    {
        "Grupp": "Däggdjur",
        "Slag av vilt": "Dovhjort - hind och kalv",
        "Område": "Alla län",
        "Starttid": "1 March",
        "Sluttid": "31 March",
        "Upplysning": "Under mars månad endast smyg- eller vaktjakt"
    },
    {
        "Grupp": "Däggdjur",
        "Slag av vilt": "Kronhjort",
        "Område": "Skåne län",
        "Starttid": "8 October",
        "Sluttid": "31 January",
        "Upplysning": "Gäller utanför kronhjortsområden"
    },
    {
        "Grupp": "Däggdjur",
        "Slag av vilt": "Kronhjort årskalv",
        "Område": "Stockholms län, Uppsala län, Södermanlands län, Östergötlands län, Jönköpings län, Kronobergs län, Kalmar län, Gotlands län, Blekinge län, Hallands län, Västra Götalands län, Värmlands län, Örebro län, Västmanlands län, Dalarnas län, Gävleborgs län, Västernorrlands län, Jämtlands län, Västerbottens län, Norrbottens län",
        "Starttid": "16 August",
        "Sluttid": "31 January",
        "Upplysning": "Gäller utanför kronhjortsskötselområden. Under perioden den 16 aug.-30 sept. endast smyg- eller vaktjakt"
    },
    {
        "Grupp": "Däggdjur",
        "Slag av vilt": "Rådjur - hornbärande",
        "Område": "Alla län",
        "Starttid": "16 August",
        "Sluttid": "30 September",
        "Upplysning": ""
    },
    {
        "Grupp": "Däggdjur",
        "Slag av vilt": "Rådjur - hornbärande",
        "Område": "Alla län",
        "Starttid": "1 May",
        "Sluttid": "15 June",
        "Upplysning": "Under perioden 1 maj-15 juni endast smyg- eller vaktjakt"
    },
    {
        "Grupp": "Däggdjur",
        "Slag av vilt": "Rådjur - kid",
        "Område": "Alla län",
        "Starttid": "1 September",
        "Sluttid": "30 September",
        "Upplysning": "Endast smyg- eller vaktjakt"
    },
    {
        "Grupp": "Däggdjur",
        "Slag av vilt": "Rådjur",
        "Område": "Alla län",
        "Starttid": "1 October",
        "Sluttid": "31 January",
        "Upplysning": ""
    },
    {
        "Grupp": "Fågelarter",
        "Slag av vilt": "Bläsgås",
        "Område": "Skåne län",
        "Starttid": "1 October",
        "Sluttid": "31 January",
        "Upplysning": ""
    },
    {
        "Grupp": "Fågelarter",
        "Slag av vilt": "Grågås",
        "Område": "Alla län",
        "Starttid": "11 August",
        "Sluttid": "31 January",
        "Upplysning": "(För Norrbottens län: Gäller utom gränsälvsområdet)."
    },
    {
        "Grupp": "Fågelarter",
        "Slag av vilt": "Kanadagås",
        "Område": "Alla län",
        "Starttid": "11 August",
        "Sluttid": "31 January",
        "Upplysning": "(För Norrbottens län: Gäller utom gränsälvsområdet)."
    },
    {
        "Grupp": "Fågelarter",
        "Slag av vilt": "Grågås",
        "Område": "Norrbottens län",
        "Starttid": "20 August",
        "Sluttid": "31 January",
        "Upplysning": "Endast för Gränsälvsområdet till Finland. Gäller från klockan 11.00 den 20 aug."
    },
    {
        "Grupp": "Fågelarter",
        "Slag av vilt": "Kanadagås",
        "Område": "Norrbottens län",
        "Starttid": "20 August",
        "Sluttid": "31 January",
        "Upplysning": "Endast för Gränsälvsområdet till Finland. Gäller från klockan 11.00 den 20 aug."
    },
    {
        "Grupp": "Fågelarter",
        "Slag av vilt": "Bläsand",
        "Område": "Gotlands län, Blekinge län, Skåne län",
        "Starttid": "21 August",
        "Sluttid": "31 December",
        "Upplysning": ""
    },
    {
        "Grupp": "Fågelarter",
        "Slag av vilt": "Gräsand",
        "Område": "Gotlands län, Blekinge län, Skåne län",
        "Starttid": "21 August",
        "Sluttid": "31 December",
        "Upplysning": ""
    },
    {
        "Grupp": "Fågelarter",
        "Slag av vilt": "Kricka",
        "Område": "Gotlands län, Blekinge län, Skåne län",
        "Starttid": "21 August",
        "Sluttid": "31 December",
        "Upplysning": ""
    },
    {
        "Grupp": "Fågelarter",
        "Slag av vilt": "Bläsand",
        "Område": "Dalarnas län, Gävleborgs län, Västernorrlands län, Jämtlands län, Västerbottens län, Norrbottens län",
        "Starttid": "25 August",
        "Sluttid": "30 November",
        "Upplysning": "(För Norrbottens län: Gäller utom gränsälvsområdet)."
    },
    {
        "Grupp": "Fågelarter",
        "Slag av vilt": "Gräsand",
        "Område": "Dalarnas län, Gävleborgs län, Västernorrlands län, Jämtlands län, Västerbottens län, Norrbottens län",
        "Starttid": "25 August",
        "Sluttid": "30 November",
        "Upplysning": "(För Norrbottens län: Gäller utom gränsälvsområdet)."
    },
    {
        "Grupp": "Fågelarter",
        "Slag av vilt": "Kricka",
        "Område": "Dalarnas län, Gävleborgs län, Västernorrlands län, Jämtlands län, Västerbottens län, Norrbottens län",
        "Starttid": "25 August",
        "Sluttid": "30 November",
        "Upplysning": "(För Norrbottens län: Gäller utom gränsälvsområdet)."
    },
    {
        "Grupp": "Fågelarter",
        "Slag av vilt": "Bläsand",
        "Område": "Norrbottens län",
        "Starttid": "20 August",
        "Sluttid": "30 November",
        "Upplysning": "Endast för Gränsälvsområdet till Finland. Gäller från klockan 11.00 den 20 aug."
    },
    {
        "Grupp": "Fågelarter",
        "Slag av vilt": "Gräsand",
        "Område": "Norrbottens län",
        "Starttid": "20 August",
        "Sluttid": "30 November",
        "Upplysning": "Endast för Gränsälvsområdet till Finland. Gäller från klockan 11.00 den 20 aug."
    },
    {
        "Grupp": "Fågelarter",
        "Slag av vilt": "Kricka",
        "Område": "Norrbottens län",
        "Starttid": "20 August",
        "Sluttid": "30 November",
        "Upplysning": "Endast för Gränsälvsområdet till Finland. Gäller från klockan 11.00 den 20 aug."
    },
    {
        "Grupp": "Fågelarter",
        "Slag av vilt": "Bläsand",
        "Område": "Stockholms län, Uppsala län, Södermanlands län, Östergötlands län, Jönköpings län, Kronobergs län, Kalmar län, Hallands län, Västra Götalands län, Värmlands län, Örebro län, Västmanlands län",
        "Starttid": "21 August",
        "Sluttid": "30 November",
        "Upplysning": ""
    },
    {
        "Grupp": "Fågelarter",
        "Slag av vilt": "Kricka",
        "Område": "Stockholms län, Uppsala län, Södermanlands län, Östergötlands län, Jönköpings län, Kronobergs län, Kalmar län, Hallands län, Västra Götalands län, Värmlands län, Örebro län, Västmanlands län",
        "Starttid": "21 August",
        "Sluttid": "30 November",
        "Upplysning": ""
    },
    {
        "Grupp": "Fågelarter",
        "Slag av vilt": "Gräsand",
        "Område": "Stockholms län, Uppsala län, Södermanlands län, Östergötlands län, Jönköpings län, Kronobergs län, Kalmar län, Hallands län, Västra Götalands län, Värmlands län, Örebro län, Västmanlands län",
        "Starttid": "21 August",
        "Sluttid": "31 December",
        "Upplysning": ""
    },
    {
        "Grupp": "Fågelarter",
        "Slag av vilt": "Knipa",
        "Område": "Alla län",
        "Starttid": "21 August",
        "Sluttid": "31 January",
        "Upplysning": "(För Norrbottens län: Gäller utom gränsälvsområdet)."
    },
    {
        "Grupp": "Fågelarter",
        "Slag av vilt": "Storskrake",
        "Område": "Alla län",
        "Starttid": "21 August",
        "Sluttid": "31 January",
        "Upplysning": "(För Norrbottens län: Gäller utom gränsälvsområdet)."
    },
    {
        "Grupp": "Fågelarter",
        "Slag av vilt": "Knipa",
        "Område": "Norrbottens län",
        "Starttid": "20 August",
        "Sluttid": "31 January",
        "Upplysning": "Endast för Gränsälvsområdet till Finland. Gäller från klockan 11.00 den 20 aug."
    },
    {
        "Grupp": "Fågelarter",
        "Slag av vilt": "Storskrake",
        "Område": "Norrbottens län",
        "Starttid": "20 August",
        "Sluttid": "31 January",
        "Upplysning": "Endast för Gränsälvsområdet till Finland. Gäller från klockan 11.00 den 20 aug."
    },
    {
        "Grupp": "Fågelarter",
        "Slag av vilt": "Sjöorre",
        "Område": "Alla län",
        "Starttid": "21 September",
        "Sluttid": "31 January",
        "Upplysning": ""
    },
    {
        "Grupp": "Fågelarter",
        "Slag av vilt": "Vigg",
        "Område": "Alla län",
        "Starttid": "21 August",
        "Sluttid": "31 January",
        "Upplysning": "(För Norrbottens län: Gäller utom gränsälvsområdet)."
    },
    {
        "Grupp": "Fågelarter",
        "Slag av vilt": "Vigg",
        "Område": "Norrbottens län",
        "Starttid": "20 August",
        "Sluttid": "31 January",
        "Upplysning": "Endast för Gränsälvsområdet till Finland. Gäller från klockan 11.00 den 20 aug."
    },
    {
        "Grupp": "Fågelarter",
        "Slag av vilt": "Dalripa",
        "Område": "Dalarnas län",
        "Starttid": "25 August",
        "Sluttid": "29 February",
        "Upplysning": "Endast Älvdalens kommun"
    },
    {
        "Grupp": "Fågelarter",
        "Slag av vilt": "Fjällripa",
        "Område": "Dalarnas län",
        "Starttid": "25 August",
        "Sluttid": "29 February",
        "Upplysning": "Endast Älvdalens kommun"
    },
    {
        "Grupp": "Fågelarter",
        "Slag av vilt": "Dalripa",
        "Område": "Jämtlands län",
        "Starttid": "25 August",
        "Sluttid": "29 February",
        "Upplysning": ""
    },
    {
        "Grupp": "Fågelarter",
        "Slag av vilt": "Fjällripa",
        "Område": "Jämtlands län",
        "Starttid": "25 August",
        "Sluttid": "29 February",
        "Upplysning": ""
    },
    {
        "Grupp": "Fågelarter",
        "Slag av vilt": "Dalripa",
        "Område": "Dalarnas län",
        "Starttid": "25 August",
        "Sluttid": "15 February",
        "Upplysning": "Gäller ej Älvdalens kommun"
    },
    {
        "Grupp": "Fågelarter",
        "Slag av vilt": "Fjällripa",
        "Område": "Dalarnas län",
        "Starttid": "25 August",
        "Sluttid": "15 February",
        "Upplysning": "Gäller ej Älvdalens kommun"
    },
    {
        "Grupp": "Fågelarter",
        "Slag av vilt": "Dalripa",
        "Område": "Västerbottens län, Norrbottens län",
        "Starttid": "25 August",
        "Sluttid": "15 February",
        "Upplysning": "Nedanför lappmarksgränsen"
    },
    {
        "Grupp": "Fågelarter",
        "Slag av vilt": "Fjällripa",
        "Område": "Västerbottens län, Norrbottens län",
        "Starttid": "25 August",
        "Sluttid": "15 February",
        "Upplysning": "Nedanför lappmarksgränsen"
    },
    {
        "Grupp": "Fågelarter",
        "Slag av vilt": "Dalripa",
        "Område": "Västerbottens län, Norrbottens län",
        "Starttid": "25 August",
        "Sluttid": "15 March",
        "Upplysning": "Ovanför lappmarksgränsen"
    },
    {
        "Grupp": "Fågelarter",
        "Slag av vilt": "Fjällripa",
        "Område": "Västerbottens län, Norrbottens län",
        "Starttid": "25 August",
        "Sluttid": "15 March",
        "Upplysning": "Ovanför lappmarksgränsen"
    },
    {
        "Grupp": "Fågelarter",
        "Slag av vilt": "Dalripa",
        "Område": "Gävleborgs län, Västernorrlands län",
        "Starttid": "25 August",
        "Sluttid": "15 November",
        "Upplysning": ""
    },
    {
        "Grupp": "Fågelarter",
        "Slag av vilt": "Fjällripa",
        "Område": "Gävleborgs län, Västernorrlands län",
        "Starttid": "25 August",
        "Sluttid": "15 November",
        "Upplysning": ""
    },
    {
        "Grupp": "Fågelarter",
        "Slag av vilt": "Järpe",
        "Område": "Norrbottens län, Västerbottens län, Jämtlands län, Västernorrlands län, Gävleborgs län, Dalarnas län, Värmlands län",
        "Starttid": "25 August",
        "Sluttid": "15 November",
        "Upplysning": ""
    },
    {
        "Grupp": "Fågelarter",
        "Slag av vilt": "Orre",
        "Område": "Östergötlands län, Jönköpings län, Kronobergs län, Kalmar län, Blekinge län, Hallands län, Västra Götalands län",
        "Starttid": "25 August",
        "Sluttid": "30 September",
        "Upplysning": ""
    },
    {
        "Grupp": "Fågelarter",
        "Slag av vilt": "Tjäder",
        "Område": "Östergötlands län, Jönköpings län, Kronobergs län, Kalmar län, Blekinge län, Hallands län, Västra Götalands län",
        "Starttid": "25 August",
        "Sluttid": "30 September",
        "Upplysning": ""
    },
    {
        "Grupp": "Fågelarter",
        "Slag av vilt": "Orre",
        "Område": "Stockholms län, Uppsala län, Södermanlands län, Värmlands län, Örebro län, Västmanlands län, Dalarnas län, Gävleborgs län, Västernorrlands län, Jämtlands län, Västerbottens län, Norrbottens län",
        "Starttid": "25 August",
        "Sluttid": "15 November",
        "Upplysning": ""
    },
    {
        "Grupp": "Fågelarter",
        "Slag av vilt": "Tjäder",
        "Område": "Stockholms län, Uppsala län, Södermanlands län, Värmlands län, Örebro län, Västmanlands län, Dalarnas län, Gävleborgs län, Västernorrlands län, Jämtlands län, Västerbottens län, Norrbottens län",
        "Starttid": "25 August",
        "Sluttid": "15 November",
        "Upplysning": ""
    },
    {
        "Grupp": "Fågelarter",
        "Slag av vilt": "Orrtupp",
        "Område": "Östergötlands län, Jönköpings län, Kronobergs län, Kalmar län, Blekinge län, Hallands län, Västra Götalands län",
        "Starttid": "1 January",
        "Sluttid": "31 January",
        "Upplysning": ""
    },
    {
        "Grupp": "Fågelarter",
        "Slag av vilt": "Tjädertupp",
        "Område": "Östergötlands län, Jönköpings län, Kronobergs län, Kalmar län, Blekinge län, Hallands län, Västra Götalands län",
        "Starttid": "1 January",
        "Sluttid": "31 January",
        "Upplysning": ""
    },
    {
        "Grupp": "Fågelarter",
        "Slag av vilt": "Orrtupp",
        "Område": "Skåne län",
        "Starttid": "1 September",
        "Sluttid": "15 September",
        "Upplysning": ""
    },
    {
        "Grupp": "Fågelarter",
        "Slag av vilt": "Orrtupp",
        "Område": "Skåne län",
        "Starttid": "1 January",
        "Sluttid": "31 January",
        "Upplysning": ""
    },
    {
        "Grupp": "Fågelarter",
        "Slag av vilt": "Tjädertupp",
        "Område": "Skåne län",
        "Starttid": "1 September",
        "Sluttid": "15 September",
        "Upplysning": ""
    },
    {
        "Grupp": "Fågelarter",
        "Slag av vilt": "Tjädertupp",
        "Område": "Skåne län",
        "Starttid": "1 January",
        "Sluttid": "31 January",
        "Upplysning": ""
    },
    {
        "Grupp": "Fågelarter",
        "Slag av vilt": "Orrtupp",
        "Område": "Stockholms län, Uppsala län, Södermanlands län, Värmlands län, Örebro län, Västmanlands län, Dalarnas län, Gävleborgs län, Västernorrlands län, Jämtlands län, Västerbottens län, Norrbottens län",
        "Starttid": "16 November",
        "Sluttid": "15 February",
        "Upplysning": ""
    },
    {
        "Grupp": "Fågelarter",
        "Slag av vilt": "Tjädertupp",
        "Område": "Stockholms län, Uppsala län, Södermanlands län, Värmlands län, Örebro län, Västmanlands län, Dalarnas län, Gävleborgs län, Västernorrlands län, Jämtlands län, Västerbottens län, Norrbottens län",
        "Starttid": "16 November",
        "Sluttid": "15 February",
        "Upplysning": ""
    },
    {
        "Grupp": "Fågelarter",
        "Slag av vilt": "Rapphöna",
        "Område": "Alla län",
        "Starttid": "16 September",
        "Sluttid": "30 November",
        "Upplysning": ""
    },
    {
        "Grupp": "Fågelarter",
        "Slag av vilt": "Fasan",
        "Område": "Alla län",
        "Starttid": "1 October",
        "Sluttid": "31 January",
        "Upplysning": ""
    },
    {
        "Grupp": "Fågelarter",
        "Slag av vilt": "Morkulla",
        "Område": "Alla län",
        "Starttid": "11 September",
        "Sluttid": "31 December",
        "Upplysning": ""
    },
    {
        "Grupp": "Fågelarter",
        "Slag av vilt": "Fiskmås",
        "Område": "Alla län",
        "Starttid": "11 August",
        "Sluttid": "29 February",
        "Upplysning": ""
    },
    {
        "Grupp": "Fågelarter",
        "Slag av vilt": "Gråtrut",
        "Område": "Alla län",
        "Starttid": "1 August",
        "Sluttid": "31 March",
        "Upplysning": ""
    },
    {
        "Grupp": "Fågelarter",
        "Slag av vilt": "Ringduva",
        "Område": "Dalarnas län, Gävleborgs län, Västernorrlands län, Jämtlands län, Västerbottens län, Norrbottens län",
        "Starttid": "1 August",
        "Sluttid": "31 December",
        "Upplysning": ""
    },
    {
        "Grupp": "Fågelarter",
        "Slag av vilt": "Ringduva",
        "Område": "Stockholms län, Uppsala län, Södermanlands län, Östergötlands län, Jönköpings län, Kronobergs län, Kalmar län, Gotlands län, Blekinge län, Skåne län, Hallands län, Västra Götalands län, Värmlands län, Örebro län, Västmanlands län",
        "Starttid": "16 August",
        "Sluttid": "31 December",
        "Upplysning": ""
    },
    {
        "Grupp": "Fågelarter",
        "Slag av vilt": "Nötskrika",
        "Område": "Alla län",
        "Starttid": "21 August",
        "Sluttid": "10 March",
        "Upplysning": ""
    },
    {
        "Grupp": "Fågelarter",
        "Slag av vilt": "Kaja",
        "Område": "Västernorrlands län, Jämtlands län, Västerbottens län, Norrbottens län",
        "Starttid": "16 July",
        "Sluttid": "30 April",
        "Upplysning": ""
    },
    {
        "Grupp": "Fågelarter",
        "Slag av vilt": "Kråka",
        "Område": "Västernorrlands län, Jämtlands län, Västerbottens län, Norrbottens län",
        "Starttid": "16 July",
        "Sluttid": "30 April",
        "Upplysning": ""
    },
    {
        "Grupp": "Fågelarter",
        "Slag av vilt": "Skata",
        "Område": "Västernorrlands län, Jämtlands län, Västerbottens län, Norrbottens län",
        "Starttid": "16 July",
        "Sluttid": "30 April",
        "Upplysning": ""
    },
    {
        "Grupp": "Fågelarter",
        "Slag av vilt": "Kaja",
        "Område": "Stockholms län, Uppsala län, Södermanlands län, Östergötlands län, Jönköpings län, Kronobergs län, Kalmar län, Gotlands län, Blekinge län, Skåne län, Hallands län, Västra Götalands län, Värmlands län, Örebro län, Västmanlands län, Dalarnas län, Gävleborgs län",
        "Starttid": "1 July",
        "Sluttid": "15 April",
        "Upplysning": ""
    },
    {
        "Grupp": "Fågelarter",
        "Slag av vilt": "Kråka",
        "Område": "Stockholms län, Uppsala län, Södermanlands län, Östergötlands län, Jönköpings län, Kronobergs län, Kalmar län, Gotlands län, Blekinge län, Skåne län, Hallands län, Västra Götalands län, Värmlands län, Örebro län, Västmanlands län, Dalarnas län, Gävleborgs län",
        "Starttid": "1 July",
        "Sluttid": "15 April",
        "Upplysning": ""
    },
    {
        "Grupp": "Fågelarter",
        "Slag av vilt": "Skata",
        "Område": "Stockholms län, Uppsala län, Södermanlands län, Östergötlands län, Jönköpings län, Kronobergs län, Kalmar län, Gotlands län, Blekinge län, Skåne län, Hallands län, Västra Götalands län, Värmlands län, Örebro län, Västmanlands län, Dalarnas län, Gävleborgs län",
        "Starttid": "1 July",
        "Sluttid": "15 April",
        "Upplysning": ""
    },
    {
        "Grupp": "Fågelarter",
        "Slag av vilt": "Råka",
        "Område": "Skåne län, Hallands län",
        "Starttid": "21 July",
        "Sluttid": "31 January",
        "Upplysning": ""
    }
]
